"","threshold","AUC","omission.rate","sensitivity","specificity","prop.correct","Kappa"
"1",0.48712076284511,0.949116382924762,0.0463571033793043,0.953642896620696,0.944589869228828,0.964114507637945,0.742672535308692
