"","alizes","altitude","cti","ensoleillement","pente","substrat"
"Axes.evaluation",16.8259042702018,51.4830621763909,5.46307673119802,10.7534328037892,8.67578831862902,6.7987356997911
