"","threshold","AUC","omission.rate","sensitivity","specificity","prop.correct","Kappa"
"1",0.459890755293946,0.899070081770856,0.148610690646472,0.851389309353528,0.946750854188184,0.939907067610814,0.746439910989826
