"","alizes","altitude","cti","ensoleillement","pente","substrat"
"Axes.evaluation",11.3749948292686,55.2528000788248,5.79311031523622,9.88862897157096,10.4117331412672,7.2787326638322
